Species	otu	baseMean	log2FoldChange	lfcSE	pvalue	padj	comparison	variable	significant
Phascolarctobacterium_succinatutens	Otu_465	134295.02921513087	-29.93132521796314	1.0143674497244615	8.516809855996747e-192	2.997917069310855e-189	female_vs_male	gender	yes
Prevotella_sp_CAG_520	Otu_140	166192.1727655345	-29.916767746292102	1.1167153526892002	1.5562970972977644e-158	2.739082891244065e-156	female_vs_male	gender	yes
Mitsuokella_jalaludinii	Otu_469	4984.894830473366	-29.893938920874493	1.2605923884910266	9.473594335267644e-125	1.1115684020047368e-122	female_vs_male	gender	yes
Desulfovibrio_piger	Otu_524	25660.140733950866	-29.88877952120977	1.2908894155686745	4.919389103287395e-119	4.3290624108929076e-117	female_vs_male	gender	yes
Mitsuokella_multacida	Otu_470	1913.8943946406125	-29.884160515678026	1.317422169629818	2.3830663424508528e-114	1.6776787050854005e-112	female_vs_male	gender	yes
Firmicutes_bacterium_CAG_95	Otu_459	2723.7122092630675	-29.84174072193181	1.5398600430425105	4.23421647483135e-84	2.484073665234392e-82	female_vs_male	gender	yes
Prevotella_sp_CAG_5226	Otu_141	66257.05558486302	-29.83421565307846	1.5760443018199637	2.3876883454111064e-80	1.2006661394067276e-78	female_vs_male	gender	yes
Lactobacillus_ruminis	Otu_221	24796.615220070173	-29.686659164265947	2.1667318057649996	3.692703709117358e-43	1.4442574506770113e-41	female_vs_male	gender	yes
Coprococcus_eutactus	Otu_351	28605.101519458436	-29.68682911337012	2.1661441324849346	3.504582034072659e-43	1.4442574506770113e-41	female_vs_male	gender	yes
Ruminococcus_sp_CAG_330	Otu_428	4977.665768027721	-29.647242751393904	2.298977034975869	1.7559874799437153e-38	6.1810759294018786e-37	female_vs_male	gender	yes
Methanosphaera_stadtmanae	Otu_3	2582.964015929678	-29.630806982449638	2.3519246241003553	7.953207527268598e-37	2.5450264087259513e-35	female_vs_male	gender	yes
Brachyspira_sp_CAG_700	Otu_573	2339.065564426414	-29.558892184301776	2.570804409437388	5.00279547265279e-31	1.4674866719781517e-29	female_vs_male	gender	yes
Eubacterium_limosum	Otu_321	181.6983830402761	-28.568750612327612	2.5431866767356217	1.1041317117409979e-29	2.98964894256024e-28	female_vs_male	gender	yes
Acidaminococcus_fermentans	Otu_460	9321.95674494885	-29.506818865726018	2.718315661362033	7.0097354698023815e-28	1.7624477752645987e-26	female_vs_male	gender	yes
Atopobium_deltae	Otu_66	36.5521761558173	-29.474496954368387	2.8059781082952755	3.063618134723238e-26	7.189290556150531e-25	female_vs_male	gender	yes
Clostridium_asparagiforme	Otu_362	135.9437064328419	-28.08098198840192	2.7754463391905935	1.874072849143266e-24	4.122960268115185e-23	female_vs_male	gender	yes
Klebsiella_pneumoniae	Otu_554	1607.0540087344132	-29.41964678247734	2.948783297837557	7.140485773186651e-24	1.4785005836245303e-22	female_vs_male	gender	yes
Roseburia_sp_CAG_471	Otu_387	33880.39135311065	-8.70315362228517	0.8855152659107648	7.776103896952728e-23	1.5206603176263114e-21	female_vs_male	gender	yes
Firmicutes_bacterium_CAG_238	Otu_451	228.25900304150545	-28.66000176586835	3.1021403040665185	9.697364978059243e-21	1.7965644590930807e-19	female_vs_male	gender	yes
Klebsiella_variicola	Otu_556	560.859431720521	-29.285532718412007	3.271808169280699	1.3117199486938066e-19	2.3086271097011e-18	female_vs_male	gender	yes
Brachyspira_pilosicoli	Otu_572	385.5724155840099	-29.24975367496908	3.352730135997594	9.979664814676022e-19	1.6727819117933143e-17	female_vs_male	gender	yes
Butyrivibrio_crossotus	Otu_347	3946.7617740640117	-29.244890563503265	3.363578815467645	1.2956593728382638e-18	2.073054996541222e-17	female_vs_male	gender	yes
Butyrivibrio_sp_CAG_318	Otu_348	5031.0110885620725	-29.24112367131589	3.3719580489595926	1.5824019303532789e-18	2.421762954279801e-17	female_vs_male	gender	yes
Ruminococcus_sp_CAG_488	Otu_430	1364.7031491085336	-29.192899144140853	3.4774473526859637	1.7366556718251384e-17	2.547094985343536e-16	female_vs_male	gender	yes
Megamonas_hypermegale	Otu_468	357.1861313055944	-29.086475759227707	3.57780534567798	1.610786313055501e-16	2.2679871287821456e-15	female_vs_male	gender	yes
Megamonas_funiformis	Otu_466	656.4001466196684	-29.116102345931516	3.639130672770603	4.609291741485352e-16	6.240271896164784e-15	female_vs_male	gender	yes
Clostridium_sp_CAG_632	Otu_298	3431.834663651226	-29.10297045377643	3.666063927528775	7.636153108606316e-16	9.955281089738605e-15	female_vs_male	gender	yes
Weissella_cibaria	Otu_239	278.6909238688217	-28.708592184017775	3.6879966902436014	2.6825457858711223e-15	3.372343273666554e-14	female_vs_male	gender	yes
Clostridium_sp_CAG_167	Otu_289	108.19842904103784	-29.061082282359703	3.7506835787080637	3.4795518642491606e-15	4.223456055916222e-14	female_vs_male	gender	yes
Klebsiella_quasipneumoniae	Otu_555	169.47727403032874	-28.049034231464024	3.6328392062845745	4.6189389812631464e-15	5.419555071348758e-14	female_vs_male	gender	yes
Prevotella_stercorea	Otu_143	94929.8869651364	-7.873210065646237	1.0218582192794492	1.1148652500452555e-14	1.2659115097288062e-13	female_vs_male	gender	yes
Roseburia_sp_CAG_309	Otu_386	40.39998354642115	-26.112298828040768	3.488714047662971	3.2429474912471825e-14	3.5672422403719007e-13	female_vs_male	gender	yes
Prevotella_copri	Otu_130	2241478.636801295	-6.261856365769408	0.8608786383327728	1.1137062605989831e-13	1.1879533446389151e-12	female_vs_male	gender	yes
Eubacterium_callanderi	Otu_316	79.65389170490779	-26.99627653825684	3.715665095119669	1.5858615267263925e-13	1.6418331100226182e-12	female_vs_male	gender	yes
Prevotella_bivia	Otu_127	80.68297163463116	-27.0064795116181	3.7220189046290373	1.70197312612647e-13	1.7116986868471927e-12	female_vs_male	gender	yes
Prevotella_sp_AM42_24	Otu_136	95463.48879880895	-8.25695225440555	1.1401075165402996	3.763455211099259e-13	3.679822873074831e-12	female_vs_male	gender	yes
Sanguibacteroides_justesenii	Otu_124	111.42065203252912	-27.334851444565235	3.917886622181521	1.2547218784034783e-12	1.1936813545892551e-11	female_vs_male	gender	yes
Victivallis_vadensis	Otu_513	143.16127177662858	-27.454752152612283	3.949202937319065	1.4857238308895666e-12	1.3762494433503354e-11	female_vs_male	gender	yes
Clostridium_sp_CAG_590	Otu_297	389.8155683056093	-28.811902082824044	4.219128933788223	3.209031644803676e-12	2.823947847427235e-11	female_vs_male	gender	yes
Faecalicoccus_pleomorphus	Otu_441	9.922290891355283	28.812670069221113	4.217765088521487	3.1559642336496494e-12	2.823947847427235e-11	female_vs_male	gender	no
Bacteroides_coprocola	Otu_89	684.877903702896	-28.80645918232086	4.22878222189587	3.6093978393654525e-12	2.8875242878225063e-11	female_vs_male	gender	yes
Clostridium_sp_CAG_413	Otu_294	700.3448960023276	-28.806459212257796	4.228782168861644	3.609395515832648e-12	2.8875242878225063e-11	female_vs_male	gender	yes
Clostridium_sp_CAG_510	Otu_295	806.4912281927367	-28.80645938698184	4.2287818593324396	3.6093819547833282e-12	2.8875242878225063e-11	female_vs_male	gender	yes
Bacteroides_pectinophilus	Otu_308	639.2728739179968	-28.80645908542625	4.228782393547758	3.609405359778133e-12	2.8875242878225063e-11	female_vs_male	gender	yes
Dialister_sp_CAG_357	Otu_477	200.05127655573926	-27.825887830606973	4.2287895333605725	1.8800899653657414e-11	1.470648150686091e-10	female_vs_male	gender	yes
Allisonella_histaminiformans	Otu_472	721.5249888704628	-7.431556779724689	1.129454312358975	2.950668218210097e-11	2.2579026365433787e-10	female_vs_male	gender	yes
Fusobacterium_mortiferum	Otu_507	142.95089379039425	-27.530824081686784	4.228793797520493	3.0562750118892027e-11	2.2889549025212752e-10	female_vs_male	gender	yes
Megasphaera_elsdenii	Otu_479	19382.796228127	-9.075831445528518	1.3762060745207672	3.621337075781911e-11	2.6556471889067345e-10	female_vs_male	gender	yes
Roseburia_sp_CAG_182	Otu_384	148.60744744421345	-27.371905304550165	4.228794060533385	3.962219283861073e-11	2.846328954936934e-10	female_vs_male	gender	yes
Prevotella_sp_CAG_873	Otu_142	142.30932653687898	-27.264349165676236	4.228795115502268	4.719470900440832e-11	3.322507513910346e-10	female_vs_male	gender	yes
Clostridium_paraputrificum	Otu_286	1.5019336369365723	27.043490421327114	4.218013675280077	6.061169277605646e-11	4.1833952661121324e-10	female_vs_male	gender	no
Paraprevotella_clara	Otu_125	29.285348897932295	-25.359090414268813	3.967990285942635	7.723487318837921e-11	5.228206800444131e-10	female_vs_male	gender	yes
Lactobacillus_mucosae	Otu_209	90.08003552691291	-26.842493451858417	4.228804957719832	9.312277859734209e-11	6.184758125710267e-10	female_vs_male	gender	yes
Streptococcus_pasteurianus	Otu_263	79.71591774838977	-26.727494174737686	4.228808521773582	1.1188083062184472e-10	7.292972662757285e-10	female_vs_male	gender	yes
Ruminococcaceae_bacterium_D5	Otu_421	49.14161748846141	-26.080326454568297	4.22883236888365	3.098574758578267e-10	1.983087845490091e-9	female_vs_male	gender	yes
Eubacterium_coprostanoligenes	Otu_317	47.178885929221885	-26.02670803453543	4.22883512634373	3.3678433210301066e-10	2.1169300875046383e-9	female_vs_male	gender	yes
Ruminococcus_sp_CAG_403	Otu_429	51.5164064177103	-25.966865823292252	4.2288338326794825	3.6952239955921496e-10	2.281962888506029e-9	female_vs_male	gender	yes
Clostridium_perfringens	Otu_287	34.87622502885478	-25.628709301778407	4.228860850808092	6.21964081160724e-10	3.7571485625235115e-9	female_vs_male	gender	yes
Firmicutes_bacterium_CAG_534	Otu_453	34.58162630399372	-25.620578424127046	4.228861606415678	6.297493329229749e-10	3.7571485625235115e-9	female_vs_male	gender	yes
Pediococcus_pentosaceus	Otu_230	40.94357385971303	-25.596548452795894	4.2288552556600365	6.532678790306768e-10	3.8325048903133036e-9	female_vs_male	gender	yes
Cloacibacillus_porcorum	Otu_576	32.942985797243395	-25.526303214488035	4.228868236784719	7.272412423999239e-10	4.196539628274971e-9	female_vs_male	gender	yes
Eubacterium_dolichum_CAG_375	Otu_318	30.964784724170656	-25.440366294693924	4.228875757003161	8.288440175055095e-10	4.705695067128054e-9	female_vs_male	gender	yes
Anaerococcus_vaginalis	Otu_494	29.211378662050137	-25.36492385813804	4.228883137504996	9.29356524222434e-10	5.192595182957091e-9	female_vs_male	gender	yes
Propionibacterium_freudenreichii	Otu_64	26.056125059432823	-25.23773461640877	4.2288979050846915	1.1263534192699148e-9	6.1949438059845315e-9	female_vs_male	gender	yes
Cloacibacillus_evryensis	Otu_575	30.845930987307113	-25.225816294188164	4.228888919034921	1.1466709966070493e-9	6.20966447393356e-9	female_vs_male	gender	yes
Anaerotruncus_sp_CAG_528	Otu_408	24.404797781980843	-25.14959858717763	4.228908420608198	1.28615794043656e-9	6.859509015661653e-9	female_vs_male	gender	yes
Ruminococcus_obeum_CAG_39	Otu_427	22.798811360308243	-25.059466135802722	4.228920246984587	1.4723859960147508e-9	7.735520456674511e-9	female_vs_male	gender	yes
Parvimonas_sp_KA00067	Otu_497	20.87832475221937	-24.930482823179425	4.22893839124426	1.785306323292147e-9	9.241585673512292e-9	female_vs_male	gender	yes
Lactococcus_petauri	Otu_244	19.72402306767005	-24.856708221068125	4.228950385513371	1.9925048603902473e-9	1.0164662476193724e-8	female_vs_male	gender	yes
Coprobacter_secundus	Otu_116	15.771752982678285	-24.56383089495576	4.229007628432276	3.0717850157680976e-9	1.544669036500529e-8	female_vs_male	gender	yes
Tyzzerella_nexilis	Otu_391	13.141179226956911	-24.317720026668	4.229069879298669	4.402848172721931e-9	2.1828205025325628e-8	female_vs_male	gender	yes
Lactobacillus_curvatus	Otu_198	9.190063704499282	-23.834547339542144	4.229246503714099	8.837936832988362e-9	4.3136251691698117e-08	female_vs_male	gender	no
Leuconostoc_mesenteroides	Otu_236	9.124121199936564	-23.826049389906252	4.229250577787828	8.945870379244212e-9	4.3136251691698117e-08	female_vs_male	gender	no
Blautia_sp_N6H1_15	Otu_343	8.654954542786294	-23.75855191975012	4.229283484409025	9.849853045693608e-9	4.685335502816419e-8	female_vs_male	gender	no
Prevotella_sp_CAG_1092	Otu_137	34114.19078317408	-6.806958143689571	1.2777860964702528	1.8675103935049855e-8	8.764848780183398e-8	female_vs_male	gender	yes
Corynebacterium_durum	Otu_51	5.672644380049416	-23.185910293614143	4.229655944588237	2.205944996247803e-8	1.0217008403674035e-7	female_vs_male	gender	no
Butyricicoccus_pullicaecorum	Otu_278	3.434680556128447	-22.51191468589434	4.230455631410977	5.5647366898223753e-8	2.5438796296330856e-7	female_vs_male	gender	no
Roseburia_inulinivorans	Otu_383	142121.71120525332	-3.3511276840848034	0.86875730519679	3.5624010089419385e-7	1.607647634804567e-6	female_vs_male	gender	yes
Collinsella_intestinalis	Otu_75	4252.571502322078	6.173957113090582	1.472511954992973	8.95668818585981e-7	3.990828153699561e-6	female_vs_male	gender	yes
Prevotella_sp_885	Otu_135	106273.02423147591	-5.3401872846041485	1.5304232410394905	4.234538424803222e-6	1.8631969069134178e-5	female_vs_male	gender	yes
Dorea_formicigenerans	Otu_352	139746.05312797645	-2.0093621876002783	0.5476414835293072	3.047943252267417e-5	1.3245383022199146e-4	female_vs_male	gender	yes
Ruminococcus_torques	Otu_346	340430.28007749666	-2.1536028636892657	0.6781786818031441	1.1580121712120112e-4	4.970979076422292e-4	female_vs_male	gender	yes
Dorea_longicatena	Otu_353	373136.5004426365	-1.8087019751786426	0.5471109282721041	1.7811712296036394e-4	7.553882805066038e-4	female_vs_male	gender	yes
Eubacterium_sp_CAG_38	Otu_327	8678.1757685073	-3.424488973292901	1.5079162427335537	1.9117450482225638e-4	8.01112210683741e-4	female_vs_male	gender	yes
Holdemanella_biformis	Otu_443	80195.6750196654	-2.303888853705972	0.8445846175590711	2.927915076124454e-4	0.0012125013021127152	female_vs_male	gender	yes
Fusicatenibacter_saccharivorans	Otu_359	264453.47519379645	-1.565126984440715	0.4961278734325246	4.781159757746888e-4	0.001956939807821982	female_vs_male	gender	yes
Catenibacterium_mitsuokai	Otu_434	518261.47774440335	-2.5121200363836893	1.0636499653431095	4.848388851757196e-4	0.0019616469836994635	female_vs_male	gender	yes
Roseburia_intestinalis	Otu_382	72977.4633919321	-2.100378306262999	0.7904935498039698	6.128225924128019e-4	0.0024512903696512077	female_vs_male	gender	yes
Firmicutes_bacterium_CAG_110	Otu_448	9613.725994693774	-2.8442046177442344	1.5218149503952827	0.0011564697383590918	0.004573902785420228	female_vs_male	gender	yes
Eubacterium_hallii	Otu_320	166706.01234584488	-1.447900282499853	0.5152765587466053	0.0017251844129345811	0.006747387926144139	female_vs_male	gender	yes
Collinsella_aerofaciens	Otu_74	730359.6496082753	-1.5093172830814128	0.5608375685685288	0.002185708354792835	0.008454608141616242	female_vs_male	gender	yes
Eubacterium_sp_CAG_180	Otu_324	103818.62165275271	-2.1101418453259395	1.0802031178910732	0.0031184452539941565	0.011931442710934164	female_vs_male	gender	yes
Slackia_isoflavoniconvertens	Otu_85	41971.57526924641	-1.6763401894118874	0.6951753960321387	0.003244192129869828	0.012279092792625585	female_vs_male	gender	yes
Lachnospira_pectinoschiza	Otu_378	59660.821191163115	-2.140761231055884	1.130580623466975	0.0033119027261130363	0.012402018719061584	female_vs_male	gender	yes
Bacteroides_cellulosilyticus	Otu_87	3091.67688895281	-3.9706563368089336	2.8244257536247726	0.003442814913699655	0.01275653525918188	female_vs_male	gender	yes
Olsenella_scatoligenes	Otu_72	1232.9901523419474	-1.9067057359217479	0.9256183372283315	0.004025976235911957	0.01476191286501051	female_vs_male	gender	yes
Firmicutes_bacterium_CAG_791	Otu_456	27695.23633295844	-2.3784413422912536	1.613045559878676	0.005670174854996175	0.020576304628439727	female_vs_male	gender	yes
Actinomyces_sp_ICM47	Otu_15	527.5754160614044	-2.157213041231405	1.351857982200896	0.005940545024894909	0.02133746784452049	female_vs_male	gender	yes
Desulfovibrionaceae_bacterium	Otu_522	11105.143934260583	-2.067199084706089	1.2723711073551816	0.0065624260926581135	0.02333307055167329	female_vs_male	gender	yes
Faecalibacterium_prausnitzii	Otu_409	911843.420929642	-1.178080141864545	0.4838404808153966	0.007423078467625947	0.026129236206043335	female_vs_male	gender	yes
Collinsella_stercoris	Otu_76	5414.939017734685	-1.1593031216372252	0.5164678625553714	0.012369437476457417	0.04310932665062387	female_vs_male	gender	yes
Eubacterium_eligens	Otu_319	92791.4475259613	-1.4613096128467957	0.7373917242247077	0.013168480470812809	0.04544416789927558	female_vs_male	gender	yes
Actinomyces_turicensis	Otu_23	564.5372382167992	-2.756894343954368	2.624809638780581	0.013906141534504854	0.04752390116646319	female_vs_male	gender	yes
Alistipes_finegoldii	Otu_145	9731.486202865886	1.6921006992606071	1.0891636179289876	0.01571991628672394	0.05292382849447576	female_vs_male	gender	no
Streptococcus_thermophilus	Otu_274	20851.38015913644	-1.5473912705427775	0.8733622642295535	0.015786937477045324	0.05292382849447576	female_vs_male	gender	no
Prevotella_sp_CAG_279	Otu_139	56683.05332320872	-1.5019696672441392	0.894835243132123	0.020228515667662938	0.06717393882091843	female_vs_male	gender	no
Clostridioides_difficile	Otu_395	134.76615361331687	4.200249604515796	4.802641928258756	0.024302512329300877	0.07994845177489635	female_vs_male	gender	no
Butyricimonas_virosa	Otu_118	3554.8670418773645	-1.5733341539863532	1.1200701715558625	0.024803289815701648	0.08084035199191647	female_vs_male	gender	no
Coprococcus_catus	Otu_349	47717.86463924564	-1.2012903610472998	0.6399700824726865	0.026352622154756995	0.08510204585756388	female_vs_male	gender	no
Firmicutes_bacterium_CAG_83	Otu_457	29011.994149499416	-1.2320900871453313	0.6755901739826883	0.02773282641851482	0.08874504453924742	female_vs_male	gender	no
Sutterella_parvirubra	Otu_517	227.61505695386887	-1.709500524628004	1.647233937074239	0.03231868948176328	0.10248809637460067	female_vs_male	gender	no
Agathobaculum_butyriciproducens	Otu_403	53190.75663524404	-0.9430179727699355	0.4942467147762929	0.03529769747092712	0.1109356206229138	female_vs_male	gender	no
Eggerthella_lenta	Otu_81	13368.192166284314	1.3306829727617775	0.9248940444786697	0.040961736256360584	0.12759762090476925	female_vs_male	gender	no
Ruminococcus_callidus	Otu_424	1113.3189107602693	-1.5887632208889177	1.6827216643577114	0.04418490890273297	0.13643059591019302	female_vs_male	gender	no
Oscillibacter_sp_57_20	Otu_393	25618.386121633506	-1.1080721261631359	0.670965702542014	0.046792200692954894	0.14322482299060976	female_vs_male	gender	no
Eubacterium_siraeum	Otu_419	66260.14490357877	-1.2485768264563717	0.8532198808206697	0.047644481377501366	0.14457635728345242	female_vs_male	gender	no
Olsenella_uli	Otu_73	6.842866342248458	2.56627286588125	3.6207016716651035	0.04867727653590447	0.14644787470631088	female_vs_male	gender	no
Lactobacillus_rogosae	Otu_220	986.3039710772538	-1.3206508355178943	1.1531862915627638	0.05578429107786208	0.16640737677463943	female_vs_male	gender	no
Coprococcus_comes	Otu_350	181443.95513106717	-0.9359092244978486	0.5595926219048077	0.05757577596387294	0.17030817764103595	female_vs_male	gender	no
Roseburia_faecis	Otu_380	265936.8979449434	-1.0301077704808175	0.6469148355828558	0.05859822011828971	0.17188811234698315	female_vs_male	gender	no
Lachnoclostridium_sp_An138	Otu_373	180.88580001324044	1.5648584529824117	2.129038416116072	0.06695595430774581	0.19478095798616965	female_vs_male	gender	no
Streptococcus_vestibularis	Otu_275	270.02166144280716	-1.4170565658674024	1.8920603991346476	0.0752459357654136	0.21710302778217694	female_vs_male	gender	no
Streptococcus_sobrinus	Otu_267	11.560370507694783	-2.2576098240768707	3.745127803430704	0.07916294709839165	0.22654762096450295	female_vs_male	gender	no
Turicibacter_sanguinis	Otu_447	698.0221103679868	-1.249507019368744	1.4415146037604587	0.0812556701885669	0.23066125730948026	female_vs_male	gender	no
Clostridium_sp_CAG_253	Otu_291	10.480749167686739	-2.153941864567964	3.654409996633902	0.08490978817865699	0.23910596351109809	female_vs_male	gender	no
Gordonibacter_pamelaeae	Otu_83	5521.633685814499	1.0458947156687957	0.83684233022848	0.09300198995934195	0.25981508306101875	female_vs_male	gender	no
Actinobaculum_sp_oral_taxon_183	Otu_4	263.3379142210624	-1.1778510409821545	1.4521799400349746	0.09664569709379957	0.26786838879541297	female_vs_male	gender	no
Akkermansia_muciniphila	Otu_580	19388.546099564577	1.259230019942066	1.8224037344061021	0.09942858304070605	0.27342860336194164	female_vs_male	gender	no
Propionibacterium_acidifaciens	Otu_63	22.167344687374804	-1.453458549640814	2.4842736901751863	0.10643775674356086	0.2904348090987087	female_vs_male	gender	no
Lachnoclostridium_sp_An131	Otu_372	74.46439408289929	1.2580500277958657	2.0075388606786224	0.11165154847812271	0.30231803895614767	female_vs_male	gender	no
Clostridium_methylpentosum	Otu_418	5.072973809161475	1.7654197478941596	3.284598233888228	0.11282237837314762	0.3031563144072364	female_vs_male	gender	no
Gardnerella_vaginalis	Otu_44	6.491729526272624	-1.714746951101971	3.239727499043262	0.11800810704907883	0.3146882854642102	female_vs_male	gender	no
Flavonifractor_sp_An10	Otu_411	59.133517357828836	1.5711625967871776	2.977239807568584	0.12305853969975213	0.3232582535396474	female_vs_male	gender	no
Citrobacter_youngae	Otu_545	6.139382561954664	-1.6711723955796047	3.195842362896554	0.12233950283648501	0.3232582535396474	female_vs_male	gender	no
Sellimonas_intestinalis	Otu_388	4571.535522361987	1.0505687798950267	1.3446100900940126	0.12425508535336827	0.3239836299584121	female_vs_male	gender	no
Ruminococcus_sp_CAG_563	Otu_431	5.776174913521996	-1.624218737090435	3.1479987079778353	0.1272870262752058	0.329448773888768	female_vs_male	gender	no
Bacteroides_uniformis	Otu_111	148787.3475371733	0.8194318513174262	0.6440179962157023	0.1313115050192496	0.33516063941127994	female_vs_male	gender	no
Gemmiger_formicilis	Otu_413	35077.38492203886	-0.6885748071830908	0.5071289840286282	0.13235036613115886	0.33516063941127994	female_vs_male	gender	no
Fusobacterium_gonidiaformans	Otu_506	5.456958940639644	-1.5817768953092253	3.10425975896754	0.13202968837470336	0.33516063941127994	female_vs_male	gender	no
Actinomyces_massiliensis	Otu_8	5.119613441518742	-1.536392182987763	3.0562747815564557	0.13734434022349026	0.3428738138912665	female_vs_male	gender	no
Lactonifactor_longoviformis	Otu_303	5.172397652381735	-1.5432242643705119	3.064127013400807	0.13657816289818167	0.3428738138912665	female_vs_male	gender	no
Bacteroides_xylanisolvens	Otu_113	11032.24141712175	-0.938070290032142	0.9054344431916013	0.1404978966373876	0.34827647617155233	female_vs_male	gender	no
Lawsonibacter_asaccharolyticus	Otu_312	4447.052299506346	-0.8707450546784259	0.7551301899683489	0.14273198218449049	0.3494603036099205	female_vs_male	gender	no
Firmicutes_bacterium_CAG_170	Otu_450	11656.159237331238	-0.9612008398627995	1.0667672812940399	0.14296103329496745	0.3494603036099205	female_vs_male	gender	no
Massiliomicrobiota_timonensis	Otu_445	194.7481555823782	1.0387297061708736	1.6702684303398279	0.14537218326986068	0.35290350697235146	female_vs_male	gender	no
Clostridium_scindens	Otu_369	213.93409541366736	1.05189914405167	1.7536077218640713	0.14706898201156032	0.3545772716991043	female_vs_male	gender	no
Blautia_hansenii	Otu_337	71.01655372591935	-1.3019077074979448	2.578448304807618	0.1482324832245674	0.35495125234726344	female_vs_male	gender	no
Veillonella_rogosae	Otu_489	4.462723254507964	-1.4409511750701236	2.9558463443240592	0.14988694758003726	0.35648787532549403	female_vs_male	gender	no
Clostridium_citroniae	Otu_364	1794.0911616799726	-0.9037558163008224	0.9761171092459312	0.16138514932999914	0.3812588762695282	female_vs_male	gender	no
Lactobacillus_rhamnosus	Otu_219	253.2501916824954	-1.0879172970478381	2.113302557126725	0.16560876371053582	0.3886285655073907	female_vs_male	gender	no
Lactobacillus_sakei	Otu_223	181.4331401665037	-0.9768846054612509	1.6922184382594987	0.16713160537342772	0.38960480193010966	female_vs_male	gender	no
Bacteroides_galacturonicus	Otu_98	311.91740431052926	-0.8844422358964645	1.2827045752598123	0.17990712912085602	0.4033586589206453	female_vs_male	gender	no
Bacteroides_ovatus	Otu_102	27196.67337150367	0.8423391895704129	0.8451465089691035	0.17547338340011806	0.4033586589206453	female_vs_male	gender	no
Eubacterium_sp_OM08_24	Otu_329	3.375275729331847	-1.2675287696857824	2.7665705880864637	0.1775160307997206	0.4033586589206453	female_vs_male	gender	no
Blautia_producta	Otu_340	179.32084562689738	1.0041783845897287	1.960467791406043	0.17966576865438005	0.4033586589206453	female_vs_male	gender	no
Blautia_sp_An249	Otu_341	1.8533475123644556	1.2637846246224045	2.7574697023465298	0.177643106033259	0.4033586589206453	female_vs_male	gender	no
Clostridium_spiroforme	Otu_438	862.2249963430498	0.8780157251752004	1.1672830793138855	0.17965963000888757	0.4033586589206453	female_vs_male	gender	no
Adlercreutzia_equolifaciens	Otu_79	3672.55829797129	0.8661374741771596	1.0910376694029265	0.18318719775932218	0.4081132507043127	female_vs_male	gender	no
Blautia_wexlerae	Otu_344	104280.16463859974	0.5733580209998745	0.48248488634684933	0.19242066733641194	0.4259878924680315	female_vs_male	gender	no
Clostridium_bolteae	Otu_363	9527.68877150696	0.8152070045139566	0.9229164966749159	0.1997765240883393	0.4395083529943465	female_vs_male	gender	no
Bacteroides_clarus	Otu_88	1615.2049910977914	0.835829437243374	1.321248141616284	0.2021265746851355	0.44191648626812235	female_vs_male	gender	no
Clostridium_lavalense	Otu_367	399.2735140263536	-0.8193883347982893	1.1836088491978378	0.20674988404594696	0.4492343159516872	female_vs_male	gender	no
Leuconostoc_citreum	Otu_232	2.458487321769741	-1.0976350688908731	2.575373616038225	0.21292678368434878	0.4598173488152808	female_vs_male	gender	no
Acidaminococcus_intestini	Otu_461	28053.918639586598	-0.8034721686597868	1.1672183771795261	0.21437948556866618	0.46013157878152744	female_vs_male	gender	no
Actinomyces_sp_S6_Spd3	Otu_16	5.999743596789682	1.031508223265044	2.4209644848532763	0.21957139282733926	0.46559717033267123	female_vs_male	gender	no
Eubacterium_rectale	Otu_376	756248.9433585013	-0.6617619711643754	0.6351954368464932	0.2188646016881787	0.46559717033267123	female_vs_male	gender	no
Bacteroides_sp_CAG_530	Otu_107	17148.223281540682	-0.7681082126338143	0.9216767187862821	0.2258765166056261	0.4760990050609605	female_vs_male	gender	no
Streptococcus_sp_F0442	Otu_269	2.1737383991290615	-1.0385206285546333	2.507905560195599	0.22779671212266603	0.4772883492093955	female_vs_male	gender	no
Anaerotruncus_colihominis	Otu_407	1263.3391568967681	0.7614765576315444	0.9275638855939391	0.23029937035153705	0.4796767950517221	female_vs_male	gender	no
Asaccharobacter_celatus	Otu_80	4361.670036519377	0.7609156802972328	1.0276171409447221	0.23570263729356608	0.48804310780785454	female_vs_male	gender	no
Granulicatella_elegans	Otu_178	2.003124639721537	-1.0003971632912034	2.464245814903384	0.2382280704917321	0.4903876070940918	female_vs_male	gender	no
Lactobacillus_ultunensis	Otu_226	1.9040811040712238	-0.9787459206077282	2.4394199177534266	0.2444724346024159	0.5003156801165721	female_vs_male	gender	no
Parvimonas_micra	Otu_496	8.783189909494386	0.8799141348052913	2.099396325700496	0.24610435777199	0.5007441267961877	female_vs_male	gender	no
Lactobacillus_vaginalis	Otu_227	104.01191777389185	-0.8406371721662474	1.9875898575253381	0.2517438923923053	0.5092750007016752	female_vs_male	gender	no
Methanobrevibacter_smithii	Otu_1	59348.798869122584	-0.6999689556181566	0.8279840868403477	0.25545077950888556	0.5114121747034875	female_vs_male	gender	no
Megasphaera_micronuciformis	Otu_481	1.7466050015027579	-0.9417888615776435	2.3970265234289423	0.25570608735174377	0.5114121747034875	female_vs_male	gender	no
Bifidobacterium_breve	Otu_33	82.10988785902859	0.8770391025006756	2.237430145989744	0.2653943866455045	0.5161744866630313	female_vs_male	gender	no
Bacteroides_coprophilus	Otu_90	476.8949975122734	0.909398584850793	2.354399495465348	0.26541926728979737	0.5161744866630313	female_vs_male	gender	no
Bacteroides_eggerthii	Otu_92	10204.271113665121	0.7156813058930994	1.2575317304411322	0.2623024846321455	0.5161744866630313	female_vs_male	gender	no
Anaerofustis_stercorihominis	Otu_314	1.6239125275414914	-0.9117548156888092	2.3625904210827047	0.26540536808874376	0.5161744866630313	female_vs_male	gender	no
Dorea_sp_CAG_317	Otu_354	513.0263030146898	0.7573655015985161	1.6546296002876948	0.2598063220197329	0.5161744866630313	female_vs_male	gender	no
Barnesiella_intestinihominis	Otu_114	14248.35039360165	0.7046774407054602	1.018486680967369	0.2696290904663801	0.5193106058402467	female_vs_male	gender	no
Enterococcus_faecium	Otu_184	2882.844888687088	-0.7007311786335241	1.2616376531951063	0.27107674233674284	0.5193106058402467	female_vs_male	gender	no
Lactococcus_garvieae	Otu_242	1.5525399155251938	-0.8938163026581287	2.3420435963658868	0.27145781668921987	0.5193106058402467	female_vs_male	gender	no
Faecalitalea_cylindroides	Otu_442	97.32730148270629	0.8813589718463057	2.3223575165750114	0.2750072788399772	0.5232570927117405	female_vs_male	gender	no
Bifidobacterium_longum	Otu_38	154462.57013204042	0.6502974850974976	0.7709467180286143	0.2771204678319256	0.5244430358969775	female_vs_male	gender	no
Alistipes_putredinis	Otu_149	23929.748381364698	0.6721114141447853	0.90295648550475	0.2855024042039005	0.5345576929775159	female_vs_male	gender	no
Alistipes_shahii	Otu_150	8037.802893016554	-0.6373435376251915	0.7631664595560456	0.28458836720440656	0.5345576929775159	female_vs_male	gender	no
Parabacteroides_sp_CAG_409	Otu_158	727.7290170301309	-0.6598163221963675	1.3106929109850154	0.2967081675505435	0.5525993385068324	female_vs_male	gender	no
Enterorhabdus_caecimuris	Otu_82	45.27449919232818	0.6568999252272941	1.1876184942038839	0.29868007838505806	0.5533441452186338	female_vs_male	gender	no
Roseburia_hominis	Otu_381	43628.644405977306	-0.5757275698532667	0.6769068187601474	0.30353456057942246	0.559393535727522	female_vs_male	gender	no
Bacteroides_nordii	Otu_101	31.39278871449414	0.7833821922131567	2.211146829828136	0.3127366554917641	0.5699971630409288	female_vs_male	gender	no
Butyricimonas_synergistica	Otu_117	846.1658718268278	-0.6406720000980239	1.0503541409362291	0.31267017755613136	0.5699971630409288	female_vs_male	gender	no
Streptococcus_milleri	Otu_258	1.123477449741789	-0.7783340169014096	2.210726478270796	0.31566142323030527	0.5699971630409288	female_vs_male	gender	no
Proteobacteria_bacterium_CAG_139	Otu_571	193.47845091686665	-0.6640065140252214	1.667102099973287	0.31576547384369635	0.5699971630409288	female_vs_male	gender	no
Clostridium_sp_CAG_58	Otu_296	8749.776629712675	-0.6341548709075064	1.027750177858323	0.317587547111362	0.5703613090979562	female_vs_male	gender	no
Actinomyces_viscosus	Otu_25	1.0568904900382128	-0.7595308018781983	2.189603557430701	0.3238169522985658	0.5785967878634272	female_vs_male	gender	no
Eubacterium_sulci	Otu_306	1.0432525057300863	-0.7551712748387793	2.184720615423685	0.32574999873418803	0.5791111088607787	female_vs_male	gender	no
Solobacterium_moorei	Otu_446	3.6656662713403203	0.6935847787992486	1.9633519920966436	0.33244380462864764	0.5880413026597184	female_vs_male	gender	no
Bifidobacterium_bifidum	Otu_32	10258.49536332397	0.6078396827827922	1.5978806237887988	0.3468858195538764	0.6097987441160894	female_vs_male	gender	no
Veillonella_atypica	Otu_484	304.1636879220401	-0.5838856783312789	1.2751349341303548	0.3482089419526533	0.6097987441160894	female_vs_male	gender	no
Actinomyces_sp_HPA0247	Otu_14	109.79500350406035	-0.5724282725463026	1.1943058075825597	0.35812923528692836	0.6119489845679552	female_vs_male	gender	no
Bifidobacterium_catenulatum	Otu_34	5063.309928783713	-0.5780112996184456	1.2973413907138958	0.35253150430423735	0.6119489845679552	female_vs_male	gender	no
Bacteroides_faecis	Otu_94	3156.7352705209296	0.5924897777642377	1.553391768415482	0.3539260815163649	0.6119489845679552	female_vs_male	gender	no
Eubacterium_sp_CAG_274	Otu_326	235.84854758855388	0.6915288809399369	2.108954784571773	0.35508726504690324	0.6119489845679552	female_vs_male	gender	no
Intestinibacter_bartlettii	Otu_396	8694.443293025459	-0.5661728651120832	0.8375526777042653	0.3581280973132898	0.6119489845679552	female_vs_male	gender	no
Bacteroides_salyersiae	Otu_104	2183.3547970092	-0.569136416246967	1.2173026126143747	0.3599843192628623	0.6121472482151088	female_vs_male	gender	no
Alloscardovia_omnicolens	Otu_28	0.7480484182948617	-0.6676618649051643	2.0881687629295778	0.3681808162260876	0.6200940062755159	female_vs_male	gender	no
Clostridium_symbiosum	Otu_370	853.2634620567221	0.5638031224707278	1.1477386355580554	0.3664931477086045	0.6200940062755159	female_vs_male	gender	no
Enterococcus_faecalis	Otu_183	595.8035156262958	-0.5571990206465577	1.4080345968243095	0.37067603083092604	0.6213236326308855	female_vs_male	gender	no
Leuconostoc_garlicum	Otu_233	0.6178029140038186	-0.6249174691529937	2.042316233645018	0.39165658275477766	0.6533797020364063	female_vs_male	gender	no
Veillonella_tobetsuensis	Otu_492	1.2436471082394638	0.6158834620237285	2.0284414392755608	0.3961987894476943	0.6578394994603227	female_vs_male	gender	no
Actinomyces_naeslundii	Otu_9	146.0119274306213	-0.5106522105942589	1.2225481466578967	0.40639778242847574	0.6716057249522228	female_vs_male	gender	no
Scardovia_wiggsiae	Otu_46	17.469870212107914	-0.5058677694219955	1.3198426422690848	0.4091746045894059	0.6730348636236957	female_vs_male	gender	no
Clostridium_saccharolyticum	Otu_368	1126.843304029354	0.5038642325863021	1.1705762934982016	0.4143007878360968	0.6751568394366022	female_vs_male	gender	no
Romboutsia_ilealis	Otu_401	254.89180199348468	-0.513163575540724	0.9395416465946227	0.41423605299423294	0.6751568394366022	female_vs_male	gender	no
Bacteroides_plebeius	Otu_103	1762.0320052496584	0.5120337683546401	1.6617316048256925	0.42734755461997737	0.6806621684444888	female_vs_male	gender	no
Parabacteroides_gordonii	Otu_155	0.4575840767252151	-0.566552255233762	1.9815906557057414	0.42699158215569166	0.6806621684444888	female_vs_male	gender	no
Clostridium_disporicum	Otu_284	764.7765445988789	-0.48712456087080164	1.3474230827158498	0.4253778109385345	0.6806621684444888	female_vs_male	gender	no
Eubacterium_ventriosum	Otu_330	6115.9727467226785	-0.5032137465734027	1.00435087739966	0.42334805094063094	0.6806621684444888	female_vs_male	gender	no
Peptoniphilus_harei	Otu_501	0.47192398769873867	-0.5714903923650184	1.986631843440748	0.42384694966669373	0.6806621684444888	female_vs_male	gender	no
Actinomyces_sp_oral_taxon_448	Otu_21	78.53987145431164	-0.47046633773725965	1.2601458494316864	0.439957547008101	0.6953054293893909	female_vs_male	gender	no
Bifidobacterium_dentium	Otu_35	1147.6308863660083	0.4730232016748416	1.428208242996987	0.44049179191430166	0.6953054293893909	female_vs_male	gender	no
Lachnoclostridium_sp_An118	Otu_371	32.879282155292465	0.525088847510844	1.935149970623251	0.4538308140894081	0.7131627078547842	female_vs_male	gender	no
Blautia_sp_CAG_257	Otu_342	4280.626852199783	-0.44336506870885517	1.0985317426467236	0.47332931466037337	0.7404974167131175	female_vs_male	gender	no
Bacteroides_massiliensis	Otu_100	3116.0469015443796	0.4174831904707033	1.3094283184839497	0.4882936370974872	0.757177798494782	female_vs_male	gender	no
Anaerostipes_caccae	Otu_333	21.743916409837098	0.44333753719763846	1.6525288245561227	0.4871352936907876	0.757177798494782	female_vs_male	gender	no
Rothia_mucilaginosa	Otu_62	1070.49304832529	-0.4303000965006135	0.9584294680441248	0.49232722403653256	0.7600841353546467	female_vs_male	gender	no
[Collinsella]_massiliensis	Otu_78	523.4554222186034	-0.3572443078289935	0.6093983719738005	0.495158008306822	0.7611162398428006	female_vs_male	gender	no
Eisenbergiella_massiliensis	Otu_355	40.23260352396696	-0.45939584649832865	1.8730475350932236	0.502219186269814	0.7686137111607588	female_vs_male	gender	no
Bacteroides_fragilis	Otu_97	24506.643750000556	-0.40963257796765884	1.041986813084453	0.5100568020819585	0.7736310429137406	female_vs_male	gender	no
Streptococcus_sanguinis	Otu_265	321.1271312269946	-0.4062425994652762	1.0115380920354717	0.5150993106798311	0.7736310429137406	female_vs_male	gender	no
Peptostreptococcus_anaerobius	Otu_398	57.90076654516336	-0.4044409159747011	1.5862007591364586	0.51701328755473	0.7736310429137406	female_vs_male	gender	no
Holdemania_filiformis	Otu_444	101.31868367448203	-0.3976231204758529	1.3549868456379697	0.5081231089146474	0.7736310429137406	female_vs_male	gender	no
Fusobacterium_ulcerans	Otu_510	8.81625820741386	0.4464818078218494	1.8613262930193517	0.512418631702328	0.7736310429137406	female_vs_male	gender	no
Turicimonas_muris	Otu_518	134.65181241257707	0.3900089190109728	1.4316933614795417	0.5186844492262579	0.7736310429137406	female_vs_male	gender	no
Bacteroides_stercoris	Otu_109	14065.385084882957	-0.38977665076256685	1.0280690979020835	0.5309876819916779	0.7809046067476897	female_vs_male	gender	no
Parabacteroides_goldsteinii	Otu_154	2501.9727370559594	-0.3783466435207373	1.2227375308641628	0.5291162721049902	0.7809046067476897	female_vs_male	gender	no
Weissella_confusa	Otu_240	151.3197044811717	-0.423608109253614	1.8410445095398422	0.5310631470316356	0.7809046067476897	female_vs_male	gender	no
Streptococcus_australis	Otu_248	265.00569294361	-0.38565436470721354	1.0696283977507013	0.5324349591461521	0.7809046067476897	female_vs_male	gender	no
Clostridium_sp_CAG_299	Otu_292	120.31179421433332	0.3821486188760942	1.6373941898491902	0.5449631094845493	0.7959627159276405	female_vs_male	gender	no
Parabacteroides_merdae	Otu_157	69664.15167696337	-0.351130332688619	0.7513656714808912	0.551878310281352	0.7994286634528227	female_vs_male	gender	no
Ruthenibacterium_lactatiformans	Otu_432	27791.71414199848	0.29874953240712415	0.569487358032749	0.5498853572547535	0.7994286634528227	female_vs_male	gender	no
Actinomyces_sp_oral_taxon_414	Otu_20	4.36572526976412	0.3911487097145906	1.8138538820899255	0.558878438547801	0.8029600423217385	female_vs_male	gender	no
Lactobacillus_crispatus	Otu_197	354.805009223818	-0.36396419792659096	1.5870607544468178	0.5580779320261379	0.8029600423217385	female_vs_male	gender	no
Bacteroides_dorei	Otu_91	73480.41048009622	0.36021472593673376	0.9096607447948721	0.5634621391330367	0.8062547681903615	female_vs_male	gender	no
Actinomyces_odontolyticus	Otu_10	1443.1140597500191	-0.3131063229220427	0.6630560835456561	0.570931981479744	0.8080111597750802	female_vs_male	gender	no
Lactobacillus_paragasseri	Otu_213	666.1512919198223	-0.3360693668040894	1.2888054894038716	0.5715236224237091	0.8080111597750802	female_vs_male	gender	no
Eubacterium_ramulus	Otu_322	26471.474220482076	-0.30639693760507575	0.6417394439093673	0.5715760760908948	0.8080111597750802	female_vs_male	gender	no
Parabacteroides_johnsonii	Otu_156	1185.5028633702577	-0.3318223780306253	1.2476961277138763	0.5771288311668301	0.8125973942828968	female_vs_male	gender	no
Parabacteroides_distasonis	Otu_153	129160.93565489982	-0.2746464673602981	0.5675640830303739	0.5816181350676594	0.8156557113299446	female_vs_male	gender	no
Actinomyces_sp_oral_taxon_180	Otu_18	3.6569034711196577	0.35423193720025464	1.7845538871381108	0.592360327371046	0.8266010419879551	female_vs_male	gender	no
Paraprevotella_xylaniphila	Otu_126	4850.210192910783	-0.33215955425495297	0.9138299280915978	0.5941194989288427	0.8266010419879551	female_vs_male	gender	no
Bacteroides_intestinalis	Otu_99	11191.467895540707	0.30530158092506804	1.2995391068066482	0.6053408060648942	0.8331421774441509	female_vs_male	gender	no
Alistipes_onderdonkii	Otu_148	58.28810183394224	-0.29912979638070974	1.3673710034429367	0.6130222271535087	0.8331421774441509	female_vs_male	gender	no
Streptococcus_sp_A12	Otu_268	85.52030160112699	-0.3126759501951255	1.1052852294209226	0.6076266618130456	0.8331421774441509	female_vs_male	gender	no
Harryflintia_acetispora	Otu_414	37.11796612893309	0.3080829738314407	1.3768239485885483	0.603211273250573	0.8331421774441509	female_vs_male	gender	no
Pseudoflavonifractor_sp_An184	Otu_416	402.49399106705516	0.3007604179791061	1.2245777461599696	0.6125387866349303	0.8331421774441509	female_vs_male	gender	no
Clostridium_innocuum	Otu_437	8564.049369793893	0.3057787884954172	0.7941451248339868	0.6123330227085284	0.8331421774441509	female_vs_male	gender	no
Anaerotignum_lactatifermentans	Otu_335	363.4884156595134	0.3068877864440438	1.586279966351409	0.6194618324937567	0.8374064053265021	female_vs_male	gender	no
Clostridium_aldenense	Otu_361	104.60609396324901	-0.29305447567366555	1.2327468846921308	0.6209178175858439	0.8374064053265021	female_vs_male	gender	no
Bacteroides_caccae	Otu_86	25390.2068160909	0.30063673674316754	0.9705197323283227	0.6294665272881588	0.8392887030508783	female_vs_male	gender	no
Lactobacillus_salivarius	Otu_224	968.061663947912	-0.28529416892046294	1.2433811757338908	0.6293832633663295	0.8392887030508783	female_vs_male	gender	no
Oscillibacter_sp_CAG_241	Otu_394	46110.286485224715	-0.2903544505591632	0.7650267075593482	0.6253376148685577	0.8392887030508783	female_vs_male	gender	no
Streptococcus_infantis	Otu_254	141.45732063110307	0.2826912446772658	1.09820202545953	0.6421346046053795	0.8402653562122439	female_vs_male	gender	no
Anaeromassilibacillus_sp_An250	Otu_406	1518.2125380306281	0.2949176170457695	0.9564886036158957	0.6361647583873921	0.8402653562122439	female_vs_male	gender	no
Ruminococcus_bicirculans	Otu_422	51466.7428804671	0.29044081916084324	0.8952658820229521	0.6402424182965223	0.8402653562122439	female_vs_male	gender	no
Phascolarctobacterium_faecium	Otu_463	3087.3213244104045	0.2814182796934193	1.1474916853928014	0.6396010946266648	0.8402653562122439	female_vs_male	gender	no
Veillonella_dispar	Otu_485	398.9567813440753	0.28407585725147116	1.1879558776025607	0.6336419502386776	0.8402653562122439	female_vs_male	gender	no
Actinomyces_graevenitzii	Otu_6	207.42746903395675	0.2575682037088549	1.0570662564147622	0.6744999606749416	0.8454176004555285	female_vs_male	gender	no
Bacteroides_finegoldii	Otu_96	1507.013348243476	-0.2600230560405539	1.1699656642461553	0.6629003313830759	0.8454176004555285	female_vs_male	gender	no
Enterococcus_avium	Otu_180	15.0677729039483	0.27548823035441483	1.7226595160033848	0.6696650650582827	0.8454176004555285	female_vs_male	gender	no
Lactobacillus_fermentum	Otu_202	211.20525031625118	-0.275010145233677	1.519323373289456	0.6494884734371007	0.8454176004555285	female_vs_male	gender	no
Streptococcus_cristatus	Otu_249	7.013572901333456	0.2765577185705681	1.7299915883562362	0.6693153279548775	0.8454176004555285	female_vs_male	gender	no
Streptococcus_mutans	Otu_260	506.93265202991256	0.2519398337237506	1.1354719678076344	0.6750239827373397	0.8454176004555285	female_vs_male	gender	no
Ruminococcus_gnavus	Otu_345	27402.23712647417	-0.2585853099913864	0.8987699362647518	0.6772947821831222	0.8454176004555285	female_vs_male	gender	no
Firmicutes_bacterium_CAG_424	Otu_452	311.57261373324764	0.2725313201340795	1.7273036390489112	0.6735234601787413	0.8454176004555285	female_vs_male	gender	no
Firmicutes_bacterium_CAG_94	Otu_458	1434.2139984195603	0.2594747032846958	1.0759419120675793	0.6708559728480927	0.8454176004555285	female_vs_male	gender	no
Veillonella_infantium	Otu_486	88.06765309931758	0.25862041128376945	1.2686022820968117	0.6598265695168963	0.8454176004555285	female_vs_male	gender	no
Veillonella_sp_T11011_6	Otu_491	91.98887635509561	0.24572483921363178	1.3199775050402613	0.6747864882427181	0.8454176004555285	female_vs_male	gender	no
Parasutterella_excrementihominis	Otu_516	592.3047487904541	-0.2527837978977015	1.2139180088088113	0.6688188600778513	0.8454176004555285	female_vs_male	gender	no
Haemophilus_sp_HMSC71H05	Otu_566	63.1691248236499	0.24806015083220884	1.4655176609382394	0.6772715073640547	0.8454176004555285	female_vs_male	gender	no
Flavonifractor_plautii	Otu_410	35290.46541087201	-0.19304510677436906	0.5267359932521928	0.682262667608429	0.8486093957532403	female_vs_male	gender	no
Blautia_hydrogenotrophica	Otu_338	222.55367021471932	0.23671394407081614	1.2896804242104627	0.6858163834229143	0.8500259400171332	female_vs_male	gender	no
Parascardovia_denticolens	Otu_45	0.11243212729375414	0.25524862242932084	1.71859379710645	0.6921188529255295	0.8522893978499868	female_vs_male	gender	no
Rothia_dentocariosa	Otu_61	50.78843233244987	-0.23200635107542583	1.2475878912389506	0.6924851357531142	0.8522893978499868	female_vs_male	gender	no
Alistipes_inops	Otu_147	3605.3928481238318	0.22192452437344984	1.2258679003048931	0.705668948631146	0.858532199427504	female_vs_male	gender	no
Lactobacillus_oris	Otu_210	289.79597200111357	-0.2239082619629953	1.4739813298851645	0.7070357827488023	0.858532199427504	female_vs_male	gender	no
Leuconostoc_carnosum	Otu_231	1.0077421530321122	-0.24684221485000574	1.7145009997950391	0.7012973730985246	0.858532199427504	female_vs_male	gender	no
Eubacterium_sp_CAG_251	Otu_325	19869.530062364618	0.23005255837768873	1.0541498645510605	0.7073134597556141	0.858532199427504	female_vs_male	gender	no
Bacteroides_thetaiotaomicron	Otu_110	30776.935266520028	-0.22788448835968875	0.873841852216222	0.71260988416434	0.8619885884049748	female_vs_male	gender	no
Actinomyces_oris	Otu_11	1789.168713855414	-0.2010034773384346	0.77147472618616	0.7361063140672668	0.8665866974972506	female_vs_male	gender	no
Enorma_massiliensis	Otu_77	113.21481448713966	0.20937031451903332	1.042664170250932	0.7329987521180007	0.8665866974972506	female_vs_male	gender	no
Lactobacillus_gasseri	Otu_203	306.344006755791	-0.20337192196487067	1.3463516239702689	0.7272766219006022	0.8665866974972506	female_vs_male	gender	no
Streptococcus_oralis	Otu_261	522.3464724271661	0.21702968819203283	0.9663695416025686	0.7269869983522079	0.8665866974972506	female_vs_male	gender	no
Streptococcus_parasanguinis	Otu_262	12193.907079912984	0.19237387318975682	0.6862786535841565	0.7328228941439601	0.8665866974972506	female_vs_male	gender	no
Streptococcus_salivarius	Otu_264	35032.85686637912	-0.19104803936640605	0.6766795081634377	0.7325530900220687	0.8665866974972506	female_vs_male	gender	no
Eubacteriaceae_bacterium_CHKCI005	Otu_315	2.087857803994166	0.22298025462662538	1.6993370534201977	0.7274062182130652	0.8665866974972506	female_vs_male	gender	no
Enterobacter_cloacae_complex	Otu_547	186.22393747722273	-0.21270201533761074	1.6595660713339953	0.7357094667086506	0.8665866974972506	female_vs_male	gender	no
Actinomyces_sp_HMSC035G02	Otu_13	239.82222856912202	-0.2055711492944807	0.9133504140925793	0.7408855547084984	0.8693057175246381	female_vs_male	gender	no
Bacteroides_vulgatus	Otu_112	176147.72967216966	0.17771950503698716	0.6859515018657244	0.7524142627828012	0.874091816830185	female_vs_male	gender	no
Erysipelatoclostridium_ramosum	Otu_439	5109.350694968384	0.1996500932399109	0.9342761637079374	0.7482596929828405	0.874091816830185	female_vs_male	gender	no
Escherichia_coli	Otu_550	58089.4278719718	0.18955559256503118	0.7691896138325275	0.7503212363171841	0.874091816830185	female_vs_male	gender	no
Actinomyces_johnsonii	Otu_7	18.622579596728233	0.18433195585070292	1.621889633511735	0.7666784856340306	0.8801746614312543	female_vs_male	gender	no
Bifidobacterium_adolescentis	Otu_29	230809.67232436023	-0.18075314456324304	0.8766757509670846	0.7701528287523476	0.8801746614312543	female_vs_male	gender	no
Coprobacter_fastidiosus	Otu_115	1208.6211349447588	0.17491654358551623	1.1541463587703982	0.768368500251394	0.8801746614312543	female_vs_male	gender	no
Eubacterium_sp_An11	Otu_323	8.397867359444303	0.18770903057988797	1.6818146996244194	0.767608138497606	0.8801746614312543	female_vs_male	gender	no
Firmicutes_bacterium_CAG_145	Otu_449	207.32983940080985	0.17745893948722172	1.1770773799361072	0.7638109324772191	0.8801746614312543	female_vs_male	gender	no
Phascolarctobacterium_sp_CAG_266	Otu_464	2113.0096787674693	0.17686157422219073	1.667723078693927	0.7795086672262705	0.8879839833774992	female_vs_male	gender	no
Ruminococcus_lactaris	Otu_426	11944.457771671365	0.15773310071068264	1.1305655683696163	0.7916692884271168	0.8989277081495004	female_vs_male	gender	no
Odoribacter_splanchnicus	Otu_120	22477.271518954985	0.1444009938237198	0.675487713234693	0.7959710984814583	0.8993163003022979	female_vs_male	gender	no
Gemella_haemolysans	Otu_161	21.019147028007986	0.14934676395224525	1.3645193496545434	0.7971212661770368	0.8993163003022979	female_vs_male	gender	no
Pseudopropionibacterium_propionicum	Otu_65	0.07075209479652286	0.15978820080334988	1.6721830425700277	0.8006277033255457	0.90038642674310565	female_vs_male	gender	no
Streptococcus_anginosus_group	Otu_247	936.6896202069516	0.13673511184583384	0.9293668463058451	0.8258479949201726	0.9209457812115038	female_vs_male	gender	no
Streptococcus_mitis	Otu_259	486.42379412250835	-0.13603702036158594	0.8960233723036278	0.8263624428709302	0.9209457812115038	female_vs_male	gender	no
Catabacter_hongkongensis	Otu_276	30.666138143186892	0.1284791006218157	1.4389146976900211	0.8267581444966909	0.9209457812115038	female_vs_male	gender	no
Ruminococcaceae_bacterium_D16	Otu_420	155.14011083860498	0.1269568135923572	1.4571071535273552	0.8294550838608385	0.9210352981672403	female_vs_male	gender	no
Clostridium_sp_CAG_242	Otu_290	530.8180246652428	0.11873994746092614	1.306842660397033	0.8372018522754913	0.9267140000030595	female_vs_male	gender	no
Bifidobacterium_animalis	Otu_31	787.8635163327697	-0.11753458622690827	1.396203636257026	0.8399600591547706	0.9267806586286726	female_vs_male	gender	no
Lactococcus_lactis	Otu_243	268.84854054181886	-0.11564807821488217	1.2224860817253205	0.8425278714806115	0.9267806586286726	female_vs_male	gender	no
Atopobium_parvulum	Otu_68	0.11231171100569104	-0.1162575826723372	1.6586428353171911	0.8534278327562412	0.9322646207653674	female_vs_male	gender	no
Bacteroides_sp_CAG_144	Otu_105	59.39190575423224	0.11160834876916065	1.5873544386911687	0.8554587287136752	0.9322646207653674	female_vs_male	gender	no
Hungatella_hathewayi	Otu_302	452.3082060162541	-0.11286047576435339	1.1205881827016377	0.8501782471365562	0.9322646207653674	female_vs_male	gender	no
Eisenbergiella_tayi	Otu_356	1011.0254460058447	0.10380637182502338	1.1546284200520145	0.8606088201224548	0.9349824218614323	female_vs_male	gender	no
Finegoldia_magna	Otu_495	13.926034751238117	-0.1065021028119847	1.6528707867951848	0.865299389501883	0.9371858003220395	female_vs_male	gender	no
Coprobacillus_cateniformis	Otu_435	140.7239542909054	0.09616991610315934	1.4185169434897182	0.8691200456659139	0.9384363683263856	female_vs_male	gender	no
Ruminococcus_bromii	Otu_423	187655.60356480518	-0.09700910745037589	0.7931430259308679	0.8720839706295762	0.9387570570691461	female_vs_male	gender	no
Actinomyces_sp_oral_taxon_181	Otu_19	22.95809676359469	0.08904740886253643	1.2334530120261196	0.8780117975696051	0.9394045441999858	female_vs_male	gender	no
Bifidobacterium_pseudocatenulatum	Otu_39	6848.447321221996	-0.08906431856455324	1.066498349616832	0.8833605230971456	0.9394045441999858	female_vs_male	gender	no
Streptococcus_gordonii	Otu_252	971.7405475366874	0.08981428211829821	1.0536745170660957	0.88282027928941	0.9394045441999858	female_vs_male	gender	no
Bilophila_wadsworthia	Otu_521	8125.1919279339045	-0.09013651757447903	0.7624248731380204	0.8792585426067873	0.9394045441999858	female_vs_male	gender	no
Enterococcus_gallinarum	Otu_185	6.846234050017816	-0.08013408209196766	1.64693495972127	0.8981948114957933	0.9501080422291058	female_vs_male	gender	no
Blautia_obeum	Otu_339	86572.43575706914	-0.060722417770214046	0.5355645651946813	0.8988238013133303	0.9501080422291058	female_vs_male	gender	no
Christensenella_minuta	Otu_277	89.33182887982488	0.06071022856138655	1.2573005824265917	0.9162877233116528	0.9599400914760369	female_vs_male	gender	no
Dialister_invisus	Otu_474	189.18104895011163	0.06396187450312271	1.3288768253240288	0.9116449254733086	0.9599400914760369	female_vs_male	gender	no
Veillonella_parvula	Otu_487	1020.7830944471916	0.06390193344697212	1.0590494684189633	0.9163064509543988	0.9599400914760369	female_vs_male	gender	no
Clostridium_bolteae_CAG_59	Otu_280	198.3246874359056	0.05603514264496791	1.2473896498233537	0.9227902053006648	0.9638639533110802	female_vs_male	gender	no
Absiella_dolichum	Otu_433	21.858731482148414	-0.057085823929634974	1.6428167033776322	0.9272577877048709	0.9656649150062561	female_vs_male	gender	no
Peptostreptococcus_stomatis	Otu_400	0.4617242423696462	0.04962363371815783	1.6433992273733817	0.9367587208814847	0.9726816216822496	female_vs_male	gender	no
Bacteroides_faecis_CAG_32	Otu_95	7.568786630783305	-0.03884030089004529	1.6407863239545353	0.9504294936448179	0.9736135288486385	female_vs_male	gender	no
Alistipes_indistinctus	Otu_146	1936.648577213727	-0.04435009875079232	1.107373821645176	0.9409541646161655	0.9736135288486385	female_vs_male	gender	no
Gemella_morbillorum	Otu_162	5.328019839136845	0.0267912318537673	1.6398450644554452	0.9657826477233836	0.9736135288486385	female_vs_male	gender	no
Gemella_sanguinis	Otu_163	282.31639900683217	-0.024845624451067673	0.9315512531623805	0.9680816337983621	0.9736135288486385	female_vs_male	gender	no
Mogibacterium_diversum	Otu_307	50.92881681359383	0.02457842369224812	1.1053700279799357	0.9672695540452633	0.9736135288486385	female_vs_male	gender	no
Intestinimonas_butyriciproducens	Otu_311	1675.9796389357552	-0.02504285083455744	0.924596009329251	0.9678263503540002	0.9736135288486385	female_vs_male	gender	no
Anaerostipes_hadrus	Otu_334	149352.59426428328	0.027741932275226585	0.4968367887567002	0.9509078357426912	0.9736135288486385	female_vs_male	gender	no
Blautia_coccoides	Otu_336	49.1306670754786	-0.028153623608306602	1.4403173889383054	0.9616311209746357	0.9736135288486385	female_vs_male	gender	no
Clostridium_clostridioforme	Otu_365	1442.8096444895577	-0.03569701376437231	1.1057282170645975	0.9524784023245478	0.9736135288486385	female_vs_male	gender	no
Pseudoflavonifractor_capillosus	Otu_415	2.3209144936128063	-0.032620089982298296	1.6406903070510488	0.9583583509324233	0.9736135288486385	female_vs_male	gender	no
Clostridium_leptum	Otu_417	1979.3518043295312	-0.04021912826964691	0.7892447271867729	0.9466784331601145	0.9736135288486385	female_vs_male	gender	no
Dielma_fastidiosa	Otu_436	53.382417883826434	0.011312669828986347	1.2718055184862451	0.9843354313820983	0.9871398058304804	female_vs_male	gender	no
Haemophilus_parainfluenzae	Otu_564	276.02921698463086	-0.00841142924760727	1.2183823727632213	0.988435585237303	0.988435585237303	female_vs_male	gender	no
Enterococcus_casseliflavus	Otu_181	0	0	11.525024052756612	1	NA	female_vs_male	gender	no
Lactobacillus_plantarum	Otu_216	0	0	11.525024052756612	1	NA	female_vs_male	gender	no
